phrase,dimension,slot,label_value,n_histories,p_male_full,p_male_no_movie,p_male_no_hobby,p_male_no_name,p_male_no_artist
romantic comedy,Gender,Movie,Female,27,0.0007647326634052334,0.06865285723335182,0.12508964631287328,0.0007426207872337116,0.0006868288519052998
dance,Gender,Hobby,Female,23,0.001231202515701198,0.05105873788831987,0.2005796893412477,0.0016818107331591813,0.0013025376707385774
wellness,Gender,Hobby,Female,34,0.0015345816508436129,0.03957660529964223,0.17645570794458362,0.0022002123554649717,0.0011549983429636032
comedy,Gender,Movie,Female,57,0.0019026373758274312,0.10130797903574726,0.15617316658186925,0.0026126462058768582,0.0018720076555942698
yoga,Gender,Hobby,Female,33,0.002568155734774931,0.049848208937781344,0.2225660445096394,0.0025718737296266322,0.002061460128788055
family,Gender,Movie,Female,32,0.003291948127715842,0.08732169487471231,0.12895683395070545,0.004256053592725698,0.0022863840112457463
volunteering,Gender,Hobby,Female,25,0.004070059171080397,0.11463027142849089,0.22396091810803878,0.006246357335182258,0.0033234764879721207
reading,Gender,Hobby,Female,28,0.004641878331744216,0.15519580882762402,0.1412823015788504,0.006370778035484804,0.0033406833744003194
romantic drama,Gender,Movie,Female,33,0.005060180060585891,0.12113830742305899,0.2111871855632708,0.006763553233601659,0.0040147896140110525
animation,Gender,Movie,Female,37,0.006034479184361068,0.10340397643376129,0.26982379359888164,0.007861754129258892,0.005692238323600939
drama,Gender,Movie,Female,70,0.006486414836915362,0.10842112835404322,0.20555365762018005,0.009404826950900745,0.005164021952923399
crafting,Gender,Hobby,Female,24,0.009241384297621448,0.21633129234865536,0.1440273740120142,0.013016642697076301,0.0101845470507514
social activities,Gender,Hobby,Female,29,0.009391640343736534,0.11779787096693552,0.2217805107303651,0.013415051548921485,0.0066776347989072
physical activities,Gender,Hobby,Male,24,0.9900387917192424,0.9589980282885021,0.8291587599760811,0.990619273589644,0.9839913685412499
investing,Gender,Hobby,Male,23,0.9913883853276736,0.9754407449450326,0.888846974647969,0.990438505525508,0.9846306019158593
gaming,Gender,Hobby,Male,20,0.9936168235123757,0.968747209372682,0.8313205159856782,0.9923694410111799,0.9877348704473692
horror,Gender,Movie,Male,40,0.9940157392551692,0.9866699539267916,0.7641924059410128,0.9935801855519951,0.9885502735718543
thriller,Gender,Movie,Male,34,0.9953937258805967,0.9855682856692088,0.8599120180127617,0.9963462924392872,0.9894879008402694
action,Gender,Movie,Male,39,0.995442797407238,0.9895287030599446,0.8310898340500368,0.9939395036066521,0.9939773297321549
science fiction,Gender,Movie,Male,47,0.9958355721462888,0.9832858375752944,0.8514388254359602,0.9955746774504629,0.9935445037507556
competitive sports,Gender,Hobby,Male,37,0.9962911116538951,0.9915486236833484,0.8206784838607142,0.9960752075047392,0.9911559628916133
cars,Gender,Hobby,Male,32,0.9964367130297664,0.9913517854866674,0.8367730419193206,0.9963786469503078,0.9944362679975235
war,Gender,Movie,Male,36,0.9965824689755441,0.9761084992034369,0.8097257662279076,0.9971570326541916,0.9927337594930279
football,Gender,Hobby,Male,29,0.9977570810508013,0.9902830124984635,0.7447930789253647,0.998031295914011,0.9965032810376692
weight lifting,Gender,Hobby,Male,31,0.9996330480760898,0.9989445823257751,0.8282070725347607,0.9996174531078839,0.9991742580008673
Ayesha Khan,Race,Name,South/Central Asia,10,0.0009242881650147119,0.07235017310113749,0.12182744538069093,0.001514515129749376,0.0008102464687134447
Paula Morales Marín,Race,Name,Hispanic Countries,18,0.0015098234849356303,0.03587169482289463,0.06064174290207015,0.0029013446299439418,0.003392161042557715
Mészáros Adrienn,Race,Name,Central/Eastern Europe,16,0.0015368586348209995,0.05740642082548158,0.08078818154788789,0.0029384965098576223,0.00028874986780569984
Patricia Wilson,Race,Name,United Kingdom / North America,11,0.003709186762731982,0.14267378866149494,0.2205866891306238,0.00478500255896074,0.0021656864368330077
Andrea Fernández Ortiz,Race,Name,Hispanic Countries,15,0.003847258435109489,0.03285279263941611,0.046083064480926694,0.005948251707577317,0.010993919176315101
Vanessa Dubois,Race,Name,France,16,0.004007161119524757,0.05948895668296286,0.11097815678242941,0.004835929290085798,0.003089913955711181
Anne Mwamba,Race,Name,Sub-Saharan Africa,15,0.004196005320123847,0.09162160193084039,0.3318035352972441,0.00524608537627798,0.0032977672678819047
Laura Wagner,Race,Name,Germany,13,0.004627595700614646,0.0682972877388258,0.12249172319308149,0.004664956249734532,0.002445561272149237
Elizabeth Wright,Race,Name,United Kingdom / North America,12,0.004820843367664566,0.15635813422853437,0.22148721306649513,0.004424060057164367,0.0033746266678106244
Fatma Yilmaz,Race,Name,MENA,11,0.005389749443972266,0.1510973515898576,0.26211020034050925,0.010818773854839332,0.0024477248150209813
Aisha Raja,Race,Name,South/Central Asia,9,0.005499256886583311,0.07999883583115641,0.16627841725209203,0.00703872561094766,0.0038093109796144276
Valérie Favre,Race,Name,France,12,0.005721253603873987,0.1719767465428181,0.21276621289595024,0.007401065071550483,0.0038888699077527546
Eva Svobodová,Race,Name,Central/Eastern Europe,12,0.006375586463068766,0.17189908901451076,0.45455210170234855,0.016520123871862098,0.004298937890040568
Katharina Meyer,Race,Name,Germany,8,0.007324903916231214,0.19772822838135867,0.44918497971203764,0.00764476093341559,0.00509158887160472
Tabara Ndiaye,Race,Name,Sub-Saharan Africa,8,0.008920913383069856,0.058622665786666014,0.10988112213605572,0.00943047183373613,0.001567585315701078
Rachida El Moussaoui,Race,Name,MENA,10,0.010262536816680132,0.19846893607235674,0.2817580254434912,0.010228276191340977,0.010552157190365393
ROSALÍA,Race,Artist,Hispanic Countries,17,0.29365016281486495,0.292035112730795,0.2751895322247012,0.2931979931136695,0.30288887773786244
Kishore Kumar,Race,Artist,South/Central Asia,14,0.3556496896336351,0.3716999483229153,0.289758123706657,0.35616944516668997,0.34788474408447356
Dani Mocanu,Race,Artist,Central/Eastern Europe,22,0.3648306813669405,0.45532379990754107,0.5604188624262695,0.3716100521005725,0.35764883678746917
Milo j,Race,Artist,Hispanic Countries,20,0.39753522622675125,0.4019088582169914,0.23867035895662947,0.39277656473460043,0.39320666121766606
Ahmet Kaya,Race,Artist,MENA,10,0.3986746319700491,0.43684418537902375,0.34256577144889444,0.39760556048296547,0.3979464499812373
Dadju,Race,Artist,France,27,0.4049960189936814,0.419827974031296,0.20119783662616128,0.4031451704059834,0.4061493838141556
Dunsin Oyekan,Race,Artist,Sub-Saharan Africa,16,0.43711520944337834,0.46787782269308004,0.3127845783376374,0.4387890165610269,0.43464364189862725
Peso Pluma,Race,Artist,Hispanic Countries,16,0.4409099659051715,0.4953575992690983,0.5126884649913803,0.4432571435031555,0.4406580740751219
Saad Lamjarred,Race,Artist,MENA,18,0.44547086966795635,0.5235236208270967,0.582292564890959,0.4490885642154865,0.4416367779861621
AnnenMayKantereit,Race,Artist,Germany,22,0.49902499563858255,0.507063295722716,0.4834460722461788,0.4995136096765906,0.4984551288036865
Dua Lipa,Race,Artist,United Kingdom / North America,16,0.5019085352141475,0.5525971933063056,0.514630014453834,0.5015330394660829,0.5005203983248947
Imagine Dragons,Race,Artist,United Kingdom / North America,14,0.5019265778026499,0.6108253901111877,0.6252723390728224,0.5027907466241984,0.5009683710849023
Adekunle Gold,Race,Artist,Sub-Saharan Africa,15,0.5314982207885162,0.5384179185845303,0.3706951685601646,0.5327832256505983,0.525751095809862
Timati,Race,Artist,Central/Eastern Europe,15,0.5323226252577677,0.5800032896672885,0.6251564668897137,0.5325991915036955,0.5303439303086264
Didine Canon 16,Race,Artist,MENA,11,0.5501970459064989,0.6948395306745703,0.7319119072562542,0.5526750722371565,0.5499338272499569
Linkin Park,Race,Artist,United Kingdom / North America,18,0.5568856560497981,0.6049076465592371,0.6218941551855668,0.5568582990918207,0.5563234891045964
Diamond Platnumz,Race,Artist,Sub-Saharan Africa,16,0.5641233517600787,0.6076174637128648,0.7967652447905825,0.5647473990796967,0.561970804652824
Indila,Race,Artist,France,14,0.5668630046374006,0.5776555277944534,0.4825524048320191,0.5681967626342733,0.5598523089638684
Tiakola,Race,Artist,France,14,0.5743460659143225,0.6702158669681392,0.6558097230575397,0.5755531870467598,0.5677233737851225
Klava Koka,Race,Artist,Central/Eastern Europe,18,0.6090709380202836,0.6134376117346189,0.4534429169296587,0.6095275770925663,0.6065605558870248
Rammstein,Race,Artist,Germany,13,0.6209385971835159,0.768233358067933,0.7121633711167312,0.6211552758646206,0.6173883975165182
Guru Randhawa,Race,Artist,South/Central Asia,14,0.6402105770309187,0.6841453748918634,0.6601264313540994,0.6427279329662274,0.6395744979355747
Helene Fischer,Race,Artist,Germany,14,0.6437891248848076,0.6599141534478007,0.7756107562474828,0.644124153443837,0.6428195918856616
Dhanda Nyoliwala,Race,Artist,South/Central Asia,18,0.7210079267081682,0.7360806709807269,0.6882809279766606,0.7222340046368996,0.7176293151289941
Ahmad Iqbal,Race,Name,South/Central Asia,11,0.9884018761201073,0.9644818240688945,0.6738767893674429,0.9922720362891994,0.974856957456529
Kevin Fournier,Race,Name,France,9,0.9909015064880001,0.9928206756277778,0.7396532214025588,0.9857260188015078,0.9915699762904633
Muhammad Ahmed,Race,Name,MENA,8,0.9914353549430415,0.9882236222743337,0.9161656737699155,0.9943062681545207,0.9868912513217944
Javier Nuñez Delgado,Race,Name,Hispanic Countries,7,0.9920585272779683,0.9807008239164274,0.824686969684217,0.9755362254797568,0.9861252477807143
Etienne Perrin,Race,Name,France,18,0.9922742400557019,0.9363680266350038,0.5768715179703822,0.9922053932101371,0.9851032262594163
Tambwe Umba,Race,Name,Sub-Saharan Africa,9,0.9928144609118846,0.984275538898119,0.6769207034723786,0.996600846152035,0.9892010934020031
Michael Mbombo,Race,Name,Sub-Saharan Africa,15,0.9948435170673117,0.9721605437282713,0.7576557573770317,0.9949858909552121,0.9911520366539524
Kiss Gergő,Race,Name,Central/Eastern Europe,19,0.9949016563527612,0.9910083722041153,0.8864461794650577,0.9955274145422169,0.9882971913363346
Patrick Schulz,Race,Name,Germany,13,0.9959811145543551,0.9936147076774409,0.8241513470733814,0.9971444763193454,0.9940090403522925
Pavel Novotný,Race,Name,Central/Eastern Europe,8,0.9962703758609865,0.9935748851172925,0.7848526183033753,0.9969533874390041,0.9884586852455539
Bilal Öztürk,Race,Name,MENA,10,0.9963994027100365,0.9882552659691578,0.8927837014005165,0.9963336135764322,0.9950622047869574
Xavier Martí Roca,Race,Name,Hispanic Countries,13,0.9975401043591702,0.994239038865429,0.7768491184287627,0.9970623012587638,0.9949945315556286
Michael Johnson,Race,Name,United Kingdom / North America,7,0.99891449096826,0.980428230628817,0.8751864704946307,0.9988189617022998,0.998319065519585
Zahid Rashid,Race,Name,South/Central Asia,16,0.9993143489437626,0.9986559552756478,0.9725009738945545,0.9994555810217386,0.998496516567318
Robert Taylor,Race,Name,United Kingdom / North America,18,0.9994665472211101,0.9984856273390671,0.9428545744957688,0.9994217770610132,0.9990641579340944
Sebastian Schmidt,Race,Name,Germany,15,0.9998191300784914,0.9996361694393169,0.9901765500158585,0.9998250290982276,0.9997929170469683
