condition,layer,cv_mean,cv_std,mean_margin,control_cv_mean,control_cv_std,control_mean_margin
NEUTRAL_GENERATED,0,0.5447124304267161,0.003774951753130907,0.08942268788814545,0.5609771181199752,0.0032085556914535633,0.12193629890680313
NEUTRAL_GENERATED,1,0.9147186147186147,0.026636890607918066,0.9531731605529785,0.5201401772830344,0.06771122178201557,0.6704145669937134
NEUTRAL_GENERATED,2,0.9167594310451452,0.024889297210528485,0.9561767578125,0.5161616161616162,0.022918844490377257,0.6685185432434082
NEUTRAL_GENERATED,3,0.9228200371057513,0.017496847128537815,0.968176007270813,0.5609152752009894,0.04057385674112786,0.6724827885627747
NEUTRAL_GENERATED,4,0.9228200371057513,0.017496847128537815,0.9527064561843872,0.5731395588538446,0.03187791691631343,0.6961713433265686
NEUTRAL_GENERATED,5,0.9187796330653473,0.021963186637714075,0.972338080406189,0.49391877963306535,0.044708671412939945,0.6511738896369934
NEUTRAL_GENERATED,6,0.9167594310451452,0.024889297210528485,0.9644527435302734,0.5243454957740672,0.040585763345017234,0.6989242434501648
NEUTRAL_GENERATED,7,0.9147392290249433,0.0280931022424439,0.9644461274147034,0.5222634508348794,0.030174936849563856,0.7240674495697021
NEUTRAL_GENERATED,8,0.9126984126984127,0.026604038200995165,0.9655190110206604,0.5283858998144713,0.02233420961205882,0.6882847547531128
NEUTRAL_GENERATED,9,0.9126984126984127,0.026604038200995165,0.970074474811554,0.5303648732220161,0.03407829783004242,0.6414357423782349
NEUTRAL_GENERATED,10,0.9106575963718821,0.02568358919280335,0.960347592830658,0.5263038548752835,0.02882484529690916,0.6384873986244202
NEUTRAL_GENERATED,11,0.9126777983920841,0.02250317579625536,0.9612439274787903,0.5466295609152753,0.040514984471892876,0.6834428310394287
NEUTRAL_GENERATED,12,0.9146980004122861,0.019641507519258482,0.9670178294181824,0.5425685425685425,0.045235933478882454,0.6834254860877991
NEUTRAL_GENERATED,13,0.9126777983920841,0.02250317579625536,0.9582005739212036,0.5264069264069264,0.026468753271151606,0.6616128087043762
NEUTRAL_GENERATED,14,0.9126777983920841,0.02250317579625536,0.960630476474762,0.5304473304473305,0.01844106116598451,0.6472047567367554
NEUTRAL_GENERATED,15,0.9126777983920841,0.020609915013619216,0.956882119178772,0.5324469181612038,0.05212018253716114,0.6723585724830627
NEUTRAL_GENERATED,16,0.9146980004122861,0.019641507519258482,0.9591271877288818,0.540630797773655,0.030053184242923543,0.6685284376144409
NEUTRAL_GENERATED,17,0.9126777983920841,0.02250317579625536,0.9646664261817932,0.5385693671407956,0.041385467443455816,0.6754745244979858
NEUTRAL_GENERATED,18,0.9146980004122861,0.019641507519258482,0.9664663672447205,0.532591218305504,0.03536019981742541,0.6458693146705627
NEUTRAL_GENERATED,19,0.9126777983920841,0.02250317579625536,0.9600469470024109,0.5243661100803958,0.012595594203994738,0.6525505185127258
NEUTRAL_GENERATED,20,0.9126777983920841,0.02250317579625536,0.9563615918159485,0.5161822304679448,0.03109577745676609,0.6728290915489197
NEUTRAL_GENERATED,21,0.9126777983920841,0.02250317579625536,0.954058051109314,0.5365079365079366,0.03714097368567529,0.6666948795318604
NEUTRAL_GENERATED,22,0.9147186147186147,0.02337253287859622,0.9584843516349792,0.5405483405483406,0.04624325144469543,0.7448224425315857
NEUTRAL_GENERATED,23,0.9147186147186147,0.02337253287859622,0.9636495113372803,0.5446918161203875,0.02478201459388219,0.7180958390235901
NEUTRAL_GENERATED,24,0.9187590187590187,0.02007111594281716,0.9650871753692627,0.5445887445887445,0.044179618311660035,0.7383968830108643
NEUTRAL_GENERATED,25,0.9167594310451452,0.024889297210528485,0.9726675748825073,0.5608534322820037,0.032694029882691975,0.7435675263404846
NEUTRAL_GENERATED,26,0.9167388167388169,0.022320677423143975,0.9758041501045227,0.5486085343228201,0.03641933647134691,0.7949388027191162
NEUTRAL_GENERATED,27,0.9187590187590187,0.019005272489592728,0.973594605922699,0.5548134405277262,0.032512780425372416,0.7767266631126404
NEUTRAL_GENERATED,28,0.9207792207792208,0.016026161542887198,0.967353105545044,0.5263656977942692,0.025499771942472913,0.7703266143798828
NEUTRAL_GENERATED,29,0.9167182024324882,0.02052091812749453,0.9706459641456604,0.5365491651205937,0.03966063963979952,0.7641695737838745
NEUTRAL_GENERATED,30,0.9207792207792208,0.019474967005660548,0.9539015889167786,0.5691197691197691,0.05141414633195212,0.75798100233078
NEUTRAL_GENERATED,31,0.9187384044526901,0.01795772319743374,0.9501665830612183,0.5508967223252939,0.046878283289280086,0.7883490920066833
NEUTRAL_GENERATED,32,0.9167182024324882,0.02151179661445489,0.9488695859909058,0.5529787672644815,0.043548033162306946,0.8090560436248779
NEUTRAL_GENERATED,33,0.9167182024324882,0.02417347159372162,0.9484410881996155,0.5366728509585652,0.03813175298329868,0.7726858258247375
NEUTRAL_GENERATED,34,0.9167388167388169,0.022320677423143975,0.9514584541320801,0.5426716141001855,0.032140341401645095,0.7535107731819153
NEUTRAL_GENERATED,35,0.9166975881261596,0.023428628469179303,0.9498584270477295,0.5244279529993816,0.0511732041515073,0.7715699672698975
NEUTRAL_GENERATED,36,0.9146980004122861,0.017392245170086848,0.9522778987884521,0.5609565038136467,0.04394410238540537,0.7760955095291138
NEUTRAL_GENERATED,37,0.9065965780251496,0.02315110503500634,0.9449688792228699,0.5692228406514122,0.033923633056678934,0.7920517921447754
NEUTRAL_GENERATED,38,0.9105751391465677,0.01618329397364264,0.949730634689331,0.5570603999175427,0.054051387326007685,0.7961767911911011
NEUTRAL_GENERATED,39,0.9146155431869717,0.012327044931836404,0.9563549757003784,0.5428159142444857,0.04993351811477887,0.7867164015769958
NEUTRAL_GENERATED,40,0.912636569779427,0.016310671757742614,0.949087381362915,0.5324881467738611,0.04641998505860746,0.8133803009986877
NEUTRAL_GENERATED,41,0.9105957534528961,0.02166166375369515,0.9407344460487366,0.548814677386106,0.0633190692210341,0.779992938041687
NEUTRAL_GENERATED,42,0.9146567717996289,0.018721603858573892,0.934799313545227,0.5283652855081427,0.0602986748423688,0.8057249784469604
NEUTRAL_GENERATED,43,0.9125953411667698,0.016549963173898317,0.9455388188362122,0.5385693671407956,0.05529056709809118,0.7472769618034363
NEUTRAL_GENERATED,44,0.9125953411667698,0.016549963173898317,0.9395727515220642,0.5161616161616162,0.05682360368298949,0.7618940472602844
NEUTRAL_GENERATED,45,0.9146361574933005,0.017723436839524178,0.9360856413841248,0.526324469181612,0.05456216313035302,0.7550029158592224
NEUTRAL_GENERATED,46,0.916676973819831,0.019689047614876817,0.9376663565635681,0.5263450834879406,0.07546783522626398,0.7752063274383545
NEUTRAL_GENERATED,47,0.9125953411667698,0.021957865219303218,0.9355272650718689,0.5243661100803958,0.05464038005846934,0.776241660118103
NEUTRAL_GENERATED,48,0.9126159554730984,0.017688276089041426,0.9339650273323059,0.5120799835085549,0.06484932480165188,0.771618127822876
NEUTRAL_GENERATED,49,0.9146567717996289,0.01766911829433639,0.935953676700592,0.5121418264275407,0.06403632444633889,0.7598257660865784
NEUTRAL_GENERATED,50,0.9125953411667698,0.01386639668438864,0.9370596408843994,0.5162234590806019,0.06042912932322149,0.7621769905090332
NEUTRAL_GENERATED,51,0.9065141207998352,0.01972628632021368,0.9370959997177124,0.5060193774479489,0.054482351978735966,0.7521239519119263
NEUTRAL_GENERATED,52,0.9105957534528963,0.017396276194427178,0.9276425242424011,0.5141620284477427,0.05612169084502357,0.7462292909622192
NEUTRAL_GENERATED,53,0.9085755514326944,0.018005508010628415,0.9292980432510376,0.49183673469387756,0.04644853817402537,0.7284145951271057
NEUTRAL_GENERATED,54,0.9167182024324882,0.02052091812749453,0.9364784359931946,0.5080395794681508,0.04900849192534751,0.7577101588249207
NEUTRAL_GENERATED,55,0.9167388167388169,0.025783907612567294,0.9422013759613037,0.495856524427953,0.054381595024454873,0.7735733389854431
NEUTRAL_GENERATED,56,0.9065965780251494,0.024851518834680134,0.9520606398582458,0.5039991754277469,0.04571500259868277,0.7500337362289429
NEUTRAL_GENERATED,57,0.9127190270047414,0.02878139595462816,0.9465002417564392,0.5182642754071326,0.044893983797090954,0.7640211582183838
NEUTRAL_GENERATED,58,0.9065553494124922,0.028134684402768895,0.9425505995750427,0.5141414141414141,0.051716623489410175,0.7927444577217102
NEUTRAL_GENERATED,59,0.9065759637188208,0.030219940299068812,0.93607097864151,0.512079983508555,0.06322332135611389,0.7786162495613098
NEUTRAL_GENERATED,60,0.9024943310657596,0.022611836276514377,0.9401053190231323,0.5163265306122449,0.07460404325844214,0.7506502866744995
