Name,Gender
Eva Svobodová,Female
Mészáros Adrienn,Female
Pavel Novotný,Male
Kiss Gergő,Male
Vanessa Dubois,Female
Valérie Favre,Female
Etienne Perrin,Male
Kevin Fournier,Male
Laura Wagner,Female
Katharina Meyer,Female
Sebastian Schmidt,Male
Patrick Schulz,Male
Andrea Fernández Ortiz,Female
Paula Morales Marín,Female
Javier Nuñez Delgado,Male
Xavier Martí Roca,Male
Rachida El Moussaoui,Female
Fatma Yilmaz,Female
Bilal Öztürk,Male
Muhammad Ahmed,Male
Ayesha Khan,Female
Aisha Raja,Female
Ahmad Iqbal,Male
Zahid Rashid,Male
Anne Mwamba,Female
Tabara Ndiaye,Female
Michael Mbombo,Male
Tambwe Umba,Male
Patricia Wilson,Female
Elizabeth Wright,Female
Robert Taylor,Male
Michael Johnson,Male
