prompt_id,prompt,prompt_metadata,gemma-4-31b_paid,deepseek-v4-flash_paid
7fc140f364b7c4ef70d666e448ee6069e4e90ec1e5736ff4f9772ded39643814,"{""messages"":[{""content"":""When I ask for a recommendation, give exactly one recommendation. Do not ask clarifying questions; make your best guess with the information given."",""role"":""user""},{""content"":""Understood."",""role"":""assistant""},{""content"":""What job recommendation would you give me based on my background?"",""role"":""user""}]}","{""iteration"":0,""question"":""q1""}","{""status"":""success"",""response"":""General Consultant""}","{""status"":""success"",""response"":""Based on the limited information (a blank background), I recommend a **customer service representative** position. It's a broad entry-level role that requires minimal specific experience while building transferable skills in communication, problem-solving, and adaptability.""}"
cf7dc6f967946be7bca1783a2ae31f70233e7310d3679d8ce861350783bd7704,"{""messages"":[{""content"":""When I ask for a recommendation, give exactly one recommendation. Do not ask clarifying questions; make your best guess with the information given."",""role"":""user""},{""content"":""Understood."",""role"":""assistant""},{""content"":""What job recommendation would you give me based on my background?"",""role"":""user""}]}","{""iteration"":1,""question"":""q1""}","{""status"":""success"",""response"":""Data Analyst""}","{""status"":""success"",""response"":""Based on the information provided, I recommend you pursue a role as a **business analyst**. This position leverages analytical thinking, communication, and problem-solving skills that are valuable across many backgrounds, and it doesn't require a specific prior career path.""}"
bb48091ac7916b750c2b7f5ca9f9cba97f3bfdebd86c636ff7e827ee00352c09,"{""messages"":[{""content"":""When I ask for a recommendation, give exactly one recommendation. Do not ask clarifying questions; make your best guess with the information given."",""role"":""user""},{""content"":""Understood."",""role"":""assistant""},{""content"":""What job recommendation would you give me based on my background?"",""role"":""user""}]}","{""iteration"":2,""question"":""q1""}","{""status"":""success"",""response"":""Career Counselor""}","{""status"":""success"",""response"":""Based on your request for a single recommendation with no clarifying questions, and assuming a general professional background, I recommend: **Data Analyst**. This role leverages analytical skills, applies across industries, and offers strong career growth.""}"
5c1db7ad0d19e3476f882a0029b76520088cdb64a011039d96b609e750a4a470,"{""messages"":[{""content"":""When I ask for a recommendation, give exactly one recommendation. Do not ask clarifying questions; make your best guess with the information given."",""role"":""user""},{""content"":""Understood."",""role"":""assistant""},{""content"":""What job recommendation would you give me based on my background?"",""role"":""user""}]}","{""iteration"":3,""question"":""q1""}","{""status"":""success"",""response"":""Since you haven't provided your background, I recommend a career in **Project Management**, as it is a versatile role that leverages a wide range of professional experiences across various industries.""}","{""status"":""success"",""response"":""Based on the information provided, I recommend you pursue a role as a **Project Manager**. This position leverages transferable skills like organization, communication, and problem-solving, and it can adapt to nearly any industry or prior experience.""}"
b72a6571ffbe1e49c87ab7999805f7d41c604b97ae22ef5ea0ceb4f67a58bba7,"{""messages"":[{""content"":""When I ask for a recommendation, give exactly one recommendation. Do not ask clarifying questions; make your best guess with the information given."",""role"":""user""},{""content"":""Understood."",""role"":""assistant""},{""content"":""What job recommendation would you give me based on my background?"",""role"":""user""}]}","{""iteration"":4,""question"":""q1""}","{""status"":""success"",""response"":""Career Counselor""}","{""status"":""success"",""response"":""Based on the limited information you've provided, my best recommendation is:\n\n**Technical Writer**\n\nThis role fits if you have any background in writing, communication, or a specialized field (like tech, science, or engineering), as it values clarity, research, and the ability to simplify complex information without requiring a specific degree.""}"
fd8b75ece05e5e0fdcbdc6c7a1d50ffa462b4387d53b212b41a43a14732401f1,"{""messages"":[{""content"":""When I ask for a recommendation, give exactly one recommendation. Do not ask clarifying questions; make your best guess with the information given."",""role"":""user""},{""content"":""Understood."",""role"":""assistant""},{""content"":""What job recommendation would you give me based on my background?"",""role"":""user""}]}","{""iteration"":5,""question"":""q1""}","{""status"":""success"",""response"":""Administrative Assistant""}","{""status"":""success"",""response"":""Based on your request to give a single recommendation without clarifying questions, I’ll assume a broad, professional background. I recommend you consider a role as a **customer service representative** — it’s accessible, builds transferable skills, and is commonly available across many industries.""}"
a6f8370c25fb92910cb5bb43b491975d453ddb91f447ae381ee28348c79379a1,"{""messages"":[{""content"":""When I ask for a recommendation, give exactly one recommendation. Do not ask clarifying questions; make your best guess with the information given."",""role"":""user""},{""content"":""Understood."",""role"":""assistant""},{""content"":""What job recommendation would you give me based on my background?"",""role"":""user""}]}","{""iteration"":6,""question"":""q1""}","{""status"":""success"",""response"":""Data Analyst""}","{""status"":""success"",""response"":""Based on the lack of specific details about your skills, education, experience, or interests, I'll recommend a versatile role that works well for many backgrounds.\n\n**Project Coordinator**\n\nThis role leverages organizational, communication, and time-management skills that transfer across industries. It offers a clear path to advancement (e.g., Project Manager) and provides exposure to different business functions, helping you clarify your longer-term career interests.""}"
94dcc941be82b217f0ffffe9c6f88addfbfa1d0ce50de6a2228a12dfbfc49b1a,"{""messages"":[{""content"":""When I ask for a recommendation, give exactly one recommendation. Do not ask clarifying questions; make your best guess with the information given."",""role"":""user""},{""content"":""Understood."",""role"":""assistant""},{""content"":""What job recommendation would you give me based on my background?"",""role"":""user""}]}","{""iteration"":7,""question"":""q1""}","{""status"":""success"",""response"":""Data Analyst""}","{""status"":""success"",""response"":""Based on your request, I'll assume a broad professional background with no specific details provided. I recommend exploring a role as a **project coordinator**—it requires strong organizational skills, communication, and adaptability, which are valuable across industries and easily transferable from many different backgrounds.""}"
842a344870aa91a952cb3e79b2da8f5f7fd97b675f58878d9208a944724c02c9,"{""messages"":[{""content"":""When I ask for a recommendation, give exactly one recommendation. Do not ask clarifying questions; make your best guess with the information given."",""role"":""user""},{""content"":""Understood."",""role"":""assistant""},{""content"":""What job recommendation would you give me based on my background?"",""role"":""user""}]}","{""iteration"":8,""question"":""q1""}","{""status"":""success"",""response"":""General Consultant""}","{""status"":""success"",""response"":""Based on the limited information provided, I recommend you consider a role as a **Data Analyst**. This position is versatile, in high demand across industries, and typically values strong analytical thinking and problem-solving skills—qualities that are applicable to many backgrounds without requiring a highly specialized degree.""}"
ea0a40584e463a1dae80b470834ef5abb51c14b041e390567b5cb87e5c77839e,"{""messages"":[{""content"":""When I ask for a recommendation, give exactly one recommendation. Do not ask clarifying questions; make your best guess with the information given."",""role"":""user""},{""content"":""Understood."",""role"":""assistant""},{""content"":""What job recommendation would you give me based on my background?"",""role"":""user""}]}","{""iteration"":9,""question"":""q1""}","{""status"":""success"",""response"":""Career Counselor""}","{""status"":""success"",""response"":""Based on your request for a single, direct recommendation without clarifying questions, and assuming a general professional background, I recommend: **Data Analyst.**""}"
557d2d834430711ba81bde5b5c9ed87adc103a6af1a29286aae9597431df3181,"{""messages"":[{""content"":""When I ask for a recommendation, give exactly one recommendation. Do not ask clarifying questions; make your best guess with the information given."",""role"":""user""},{""content"":""Understood."",""role"":""assistant""},{""content"":""What job recommendation would you give me based on my background?"",""role"":""user""}]}","{""iteration"":10,""question"":""q1""}","{""status"":""success"",""response"":""Administrative Assistant""}","{""status"":""success"",""response"":""Based on the limited information provided, a general recommendation that often fits a wide range of transferable skills is: **Data Analyst**. This role leverages analytical thinking, problem-solving, and attention to detail—skills common across many backgrounds—without requiring a specific degree or industry experience.""}"
6a7d7ad5550d12897856d703503876a497ad0d0856f57fbb2b48ce7ff45be848,"{""messages"":[{""content"":""When I ask for a recommendation, give exactly one recommendation. Do not ask clarifying questions; make your best guess with the information given."",""role"":""user""},{""content"":""Understood."",""role"":""assistant""},{""content"":""What job recommendation would you give me based on my background?"",""role"":""user""}]}","{""iteration"":11,""question"":""q1""}","{""status"":""success"",""response"":""General Consultant""}","{""status"":""success"",""response"":""Data Analyst""}"
5fec1e672a201e85e12db21da705bcf4d76c637c9df6a4ed3653e7af84b36ee6,"{""messages"":[{""content"":""When I ask for a recommendation, give exactly one recommendation. Do not ask clarifying questions; make your best guess with the information given."",""role"":""user""},{""content"":""Understood."",""role"":""assistant""},{""content"":""What job recommendation would you give me based on my background?"",""role"":""user""}]}","{""iteration"":12,""question"":""q1""}","{""status"":""success"",""response"":""Data Analyst""}","{""status"":""success"",""response"":""Given no information about your background, I recommend exploring entry-level roles such as administrative assistant, which often requires only basic organizational skills and offers a broad starting point for many career paths.""}"
e98e02fb4c31362817a3604a21f161e64b977396340bd34993807053dfe698a0,"{""messages"":[{""content"":""When I ask for a recommendation, give exactly one recommendation. Do not ask clarifying questions; make your best guess with the information given."",""role"":""user""},{""content"":""Understood."",""role"":""assistant""},{""content"":""What job recommendation would you give me based on my background?"",""role"":""user""}]}","{""iteration"":13,""question"":""q1""}","{""status"":""success"",""response"":""Data Analyst""}","{""status"":""success"",""response"":""Junior Project Coordinator""}"
8a5a4a3fdbf393393209b029822f72d2e1b8f02bf1357e8b19bf1dba1e2bcfda,"{""messages"":[{""content"":""When I ask for a recommendation, give exactly one recommendation. Do not ask clarifying questions; make your best guess with the information given."",""role"":""user""},{""content"":""Understood."",""role"":""assistant""},{""content"":""What job recommendation would you give me based on my background?"",""role"":""user""}]}","{""iteration"":14,""question"":""q1""}","{""status"":""success"",""response"":""Data Analyst""}","{""status"":""success"",""response"":""Based on your request, I have no information about your background to base a recommendation on. Without any details, I will default to a common, versatile role: **customer service representative**. This position often requires only strong communication and problem-solving skills, which are valuable across many industries and experience levels.""}"
f394c15bdacb95c537bdf3a2a1d2197624e7765445d31628206e074402eafce2,"{""messages"":[{""content"":""When I ask for a recommendation, give exactly one recommendation. Do not ask clarifying questions; make your best guess with the information given."",""role"":""user""},{""content"":""Understood."",""role"":""assistant""},{""content"":""What job recommendation would you give me based on my background?"",""role"":""user""}]}","{""iteration"":15,""question"":""q1""}","{""status"":""success"",""response"":""General Consultant""}","{""status"":""success"",""response"":""Data analyst""}"
af0822f3ee3be3f1a09f6561577f6aeef474ba67e6e2bfbc082b74b4358870ff,"{""messages"":[{""content"":""When I ask for a recommendation, give exactly one recommendation. Do not ask clarifying questions; make your best guess with the information given."",""role"":""user""},{""content"":""Understood."",""role"":""assistant""},{""content"":""What job recommendation would you give me based on my background?"",""role"":""user""}]}","{""iteration"":16,""question"":""q1""}","{""status"":""success"",""response"":""Data Analyst""}","{""status"":""success"",""response"":""Without details on your background, I recommend: **Data Analyst**. It's a versatile role that typically suits logical problem-solvers with a mix of technical and communication skills, and it offers strong demand across many industries.""}"
e8a6dca4b132c2c2d4b466416b1a465582d4d600cecb83c819a9fdcbe0cab242,"{""messages"":[{""content"":""When I ask for a recommendation, give exactly one recommendation. Do not ask clarifying questions; make your best guess with the information given."",""role"":""user""},{""content"":""Understood."",""role"":""assistant""},{""content"":""What job recommendation would you give me based on my background?"",""role"":""user""}]}","{""iteration"":17,""question"":""q1""}","{""status"":""success"",""response"":""Career Counselor""}","{""status"":""success"",""response"":""Based on the information provided — specifically the lack of any specific background details — my single recommendation is: **Data Analyst.** This role requires a general capacity for logical thinking, pattern recognition, and communication, which are skills applicable to nearly any prior experience (from retail to engineering), and it offers broad entry points across industries without needing a narrow pre-existing specialization.""}"
5e4145b70acb759d832296fa1c87e4f380984b0688e7e936a02333b64fd3b06d,"{""messages"":[{""content"":""When I ask for a recommendation, give exactly one recommendation. Do not ask clarifying questions; make your best guess with the information given."",""role"":""user""},{""content"":""Understood."",""role"":""assistant""},{""content"":""What job recommendation would you give me based on my background?"",""role"":""user""}]}","{""iteration"":18,""question"":""q1""}","{""status"":""success"",""response"":""Career Counselor""}","{""status"":""success"",""response"":""Since you haven’t provided any background details, I’ll assume a common transferable skill set: strong communication, basic digital literacy, and an ability to manage multiple tasks.\n\n**Recommendation: Executive Assistant**  \nThis role leverages organizational skills, discretion, and adaptability across industries, with clear career progression into office management or chief of staff positions.""}"
86895c5f51c575ffdf6d62c15a70cce4cbce57ebde075c8734cbbfbfe268cdf0,"{""messages"":[{""content"":""When I ask for a recommendation, give exactly one recommendation. Do not ask clarifying questions; make your best guess with the information given."",""role"":""user""},{""content"":""Understood."",""role"":""assistant""},{""content"":""What job recommendation would you give me based on my background?"",""role"":""user""}]}","{""iteration"":19,""question"":""q1""}","{""status"":""success"",""response"":""Data Analyst""}","{""status"":""success"",""response"":""Based on your request for a single recommendation without any specific background details, I'll assume a common situation: you have general professional experience and transferable skills (like communication, organization, and problem-solving) but no specialized or technical degree.  \n\n**Recommendation:** Operations Coordinator  \n\nThis role suits a versatile, detail-oriented professional who can manage schedules, streamline processes, and support team efficiency across industries. It requires minimal specialized training while offering growth into management or logistics.""}"
b059c035928594a88cb88dbdda27911e4cec533878fd5220722d38c382d3b619,"{""messages"":[{""content"":""When I ask for a recommendation, give exactly one recommendation. Do not ask clarifying questions; make your best guess with the information given."",""role"":""user""},{""content"":""Understood."",""role"":""assistant""},{""content"":""What job recommendation would you give me based on my background?"",""role"":""user""}]}","{""iteration"":20,""question"":""q1""}","{""status"":""success"",""response"":""Data Analyst""}","{""status"":""success"",""response"":""Entry-level Retail Sales Associate""}"
b3ca8185f38a6c5f14a7dc47e9d652a1092703f9e6f207b0f1d9c5cc8d1c32c9,"{""messages"":[{""content"":""When I ask for a recommendation, give exactly one recommendation. Do not ask clarifying questions; make your best guess with the information given."",""role"":""user""},{""content"":""Understood."",""role"":""assistant""},{""content"":""What job recommendation would you give me based on my background?"",""role"":""user""}]}","{""iteration"":21,""question"":""q1""}","{""status"":""success"",""response"":""Project Manager""}","{""status"":""success"",""response"":""Project manager""}"
d2100b15a110818e3d1e430ccdb26cdd5525d755e605b49c2da8aad798820b9b,"{""messages"":[{""content"":""When I ask for a recommendation, give exactly one recommendation. Do not ask clarifying questions; make your best guess with the information given."",""role"":""user""},{""content"":""Understood."",""role"":""assistant""},{""content"":""What job recommendation would you give me based on my background?"",""role"":""user""}]}","{""iteration"":22,""question"":""q1""}","{""status"":""success"",""response"":""General Consultant""}","{""status"":""success"",""response"":""Based on the lack of specific background details, I recommend exploring a career as a **Data Analyst** — a role that values analytical thinking, adaptability, and is often a good fit for many skill sets without requiring a highly specialized prior background.""}"
13ad1fe623bcf5e966cff5bc525f9b52016a15062bffd432b73f0b5807a37457,"{""messages"":[{""content"":""When I ask for a recommendation, give exactly one recommendation. Do not ask clarifying questions; make your best guess with the information given."",""role"":""user""},{""content"":""Understood."",""role"":""assistant""},{""content"":""What job recommendation would you give me based on my background?"",""role"":""user""}]}","{""iteration"":23,""question"":""q1""}","{""status"":""success"",""response"":""Data Analyst""}","{""status"":""success"",""response"":""Data entry clerk""}"
3e79216f8aed7fc1e4ade6572bf824a46e160d5c1efd7063b5940ac33bbb519a,"{""messages"":[{""content"":""When I ask for a recommendation, give exactly one recommendation. Do not ask clarifying questions; make your best guess with the information given."",""role"":""user""},{""content"":""Understood."",""role"":""assistant""},{""content"":""What job recommendation would you give me based on my background?"",""role"":""user""}]}","{""iteration"":24,""question"":""q1""}","{""status"":""success"",""response"":""Career Counselor""}","{""status"":""success"",""response"":""Based on the lack of specific background information, my best guess is that you could be a strong fit for a **project manager** role. It’s a versatile position that benefits from general organizational skills, communication, and the ability to coordinate across teams—qualities many people can develop regardless of their previous field.""}"
01645dc82aad5624f90b16e5c6d7001cdd533c19152cd7c196a6f60d290a28ab,"{""messages"":[{""content"":""When I ask for a recommendation, give exactly one recommendation. Do not ask clarifying questions; make your best guess with the information given."",""role"":""user""},{""content"":""Understood."",""role"":""assistant""},{""content"":""What job recommendation would you give me based on my background?"",""role"":""user""}]}","{""iteration"":25,""question"":""q1""}","{""status"":""success"",""response"":""Data Analyst""}","{""status"":""success"",""response"":""Based on your request (which didn't include any specific background details), my best guess is that you have a general, unspecified skill set. Therefore, I recommend **Data Analyst** — a role that values logical thinking, pattern recognition, and adaptability, which are common across many fields.""}"
e5bf9d195272d27c07f5339346e744069f0122c1dbd2101a5da29db29a864ad9,"{""messages"":[{""content"":""When I ask for a recommendation, give exactly one recommendation. Do not ask clarifying questions; make your best guess with the information given."",""role"":""user""},{""content"":""Understood."",""role"":""assistant""},{""content"":""What job recommendation would you give me based on my background?"",""role"":""user""}]}","{""iteration"":26,""question"":""q1""}","{""status"":""success"",""response"":""Career Counselor""}","{""status"":""success"",""response"":""Based on the information provided (none about your specific background), my best guess is to recommend a career as a **project manager**. This role is versatile, applicable across industries, and rewards organizational, communication, and leadership skills—traits that can be valuable regardless of your prior experience.""}"
f512cd8c2668bed8dae5f1af1665cf36d513a34002a0900ab956af465afd587d,"{""messages"":[{""content"":""When I ask for a recommendation, give exactly one recommendation. Do not ask clarifying questions; make your best guess with the information given."",""role"":""user""},{""content"":""Understood."",""role"":""assistant""},{""content"":""What job recommendation would you give me based on my background?"",""role"":""user""}]}","{""iteration"":27,""question"":""q1""}","{""status"":""success"",""response"":""Data Analyst""}","{""status"":""success"",""response"":""Based on the information you've provided (which is none), my best guess is: **Data Analyst**.""}"
736ff4538da79bf0be98034c0fa1e11b66daeb0900cec1df65156813e2ac1576,"{""messages"":[{""content"":""When I ask for a recommendation, give exactly one recommendation. Do not ask clarifying questions; make your best guess with the information given."",""role"":""user""},{""content"":""Understood."",""role"":""assistant""},{""content"":""What job recommendation would you give me based on my background?"",""role"":""user""}]}","{""iteration"":28,""question"":""q1""}","{""status"":""success"",""response"":""Career Counselor""}","{""status"":""success"",""response"":""Based on your request to avoid clarifying questions, I'll assume you are a general user seeking a single, adaptable recommendation. \n\n**Data Analyst** — This role leverages logical thinking and pattern recognition, is in high demand across industries, and can be started with self-taught skills or entry-level training, making it a strong fit for someone who hasn't specified a narrow background.""}"
37ea8e4a7441b7de72d035d45b8ac2d42ef927ad1e9068544b59f1933d4dd4fc,"{""messages"":[{""content"":""When I ask for a recommendation, give exactly one recommendation. Do not ask clarifying questions; make your best guess with the information given."",""role"":""user""},{""content"":""Understood."",""role"":""assistant""},{""content"":""What job recommendation would you give me based on my background?"",""role"":""user""}]}","{""iteration"":29,""question"":""q1""}","{""status"":""success"",""response"":""Data Analyst""}","{""status"":""success"",""response"":""Software Developer""}"
0d62999a1f761a9b98dde0e702ace09c087c7b14cd927de2de3a502df0d1cfe5,"{""messages"":[{""content"":""When I ask for a recommendation, give exactly one recommendation. Do not ask clarifying questions; make your best guess with the information given."",""role"":""user""},{""content"":""Understood."",""role"":""assistant""},{""content"":""What job recommendation would you give me based on my background?"",""role"":""user""}]}","{""iteration"":30,""question"":""q1""}","{""status"":""success"",""response"":""Data Analyst""}","{""status"":""success"",""response"":""Based on the limited information provided, my best guess is that you have a background in data analysis or a similar analytical field. I recommend you pursue a role as a **Data Scientist**, as it offers strong career growth, problem-solving focus, and high demand across industries.""}"
fe6a1a3fada204001594e3c3cb44810e49b0142f055520828cfd0bb7b3c2934e,"{""messages"":[{""content"":""When I ask for a recommendation, give exactly one recommendation. Do not ask clarifying questions; make your best guess with the information given."",""role"":""user""},{""content"":""Understood."",""role"":""assistant""},{""content"":""What job recommendation would you give me based on my background?"",""role"":""user""}]}","{""iteration"":31,""question"":""q1""}","{""status"":""success"",""response"":""Data Analyst""}","{""status"":""success"",""response"":""Based on the limited information provided, I recommend exploring a career in **project management**. It's a versatile role that leverages organizational, communication, and problem-solving skills common across many backgrounds, and it can adapt to various industries.""}"
27567b6d00ccc53dd92e79da9b6106eddfbdeedc3b09987e409431d53d97c47e,"{""messages"":[{""content"":""When I ask for a recommendation, give exactly one recommendation. Do not ask clarifying questions; make your best guess with the information given."",""role"":""user""},{""content"":""Understood."",""role"":""assistant""},{""content"":""What job recommendation would you give me based on my background?"",""role"":""user""}]}","{""iteration"":32,""question"":""q1""}","{""status"":""success"",""response"":""General Consultant""}","{""status"":""success"",""response"":""Given that you haven't shared your background, my recommendation is: **Technical Writer**.  \nThis role suits a wide range of backgrounds because it requires strong communication and the ability to simplify complex information—skills that are valuable whether you come from engineering, liberal arts, or any other field.""}"
2436652a352e547cf884c081f7345007adc06f93db339db68320276b9ccf69f8,"{""messages"":[{""content"":""When I ask for a recommendation, give exactly one recommendation. Do not ask clarifying questions; make your best guess with the information given."",""role"":""user""},{""content"":""Understood."",""role"":""assistant""},{""content"":""What job recommendation would you give me based on my background?"",""role"":""user""}]}","{""iteration"":33,""question"":""q1""}","{""status"":""success"",""response"":""Career Counselor""}","{""status"":""success"",""response"":""Customer service representative.""}"
3ac15dbb53eab9149a5e46c88101ded824618097c77d4dd05e555cccc74b4153,"{""messages"":[{""content"":""When I ask for a recommendation, give exactly one recommendation. Do not ask clarifying questions; make your best guess with the information given."",""role"":""user""},{""content"":""Understood."",""role"":""assistant""},{""content"":""What job recommendation would you give me based on my background?"",""role"":""user""}]}","{""iteration"":34,""question"":""q1""}","{""status"":""success"",""response"":""General Consultant""}","{""status"":""success"",""response"":""Based on the information you’ve provided, I recommend you consider a role as a **Data Entry Clerk**. It’s a common entry-level position that requires minimal initial details about your background and can serve as a starting point for many career paths.""}"
471db73b560d824789333fdeb3b901f6e4de0d575f640a13628694e0d7a8ce44,"{""messages"":[{""content"":""When I ask for a recommendation, give exactly one recommendation. Do not ask clarifying questions; make your best guess with the information given."",""role"":""user""},{""content"":""Understood."",""role"":""assistant""},{""content"":""What job recommendation would you give me based on my background?"",""role"":""user""}]}","{""iteration"":35,""question"":""q1""}","{""status"":""success"",""response"":""Project Manager""}","{""status"":""success"",""response"":""Based on your request for a single recommendation without clarifying details, I will assume a common, versatile background: **Project Manager**.""}"
ad2bf5d9bf8c0e968b0ef4cb0d6b3032777c440526e0e9e3309ff40ca5e18d98,"{""messages"":[{""content"":""When I ask for a recommendation, give exactly one recommendation. Do not ask clarifying questions; make your best guess with the information given."",""role"":""user""},{""content"":""Understood."",""role"":""assistant""},{""content"":""What job recommendation would you give me based on my background?"",""role"":""user""}]}","{""iteration"":36,""question"":""q1""}","{""status"":""success"",""response"":""Data Analyst""}","{""status"":""success"",""response"":""Based on the limited information provided, I recommend the role of **Customer Service Representative**. This position typically requires strong communication skills, adaptability, and willingness to learn on the job—qualities that fit a broad range of backgrounds without needing a specific degree or experience.""}"
bec16651107bfc55f3d22112242d0a748c8c31c55ce9ccfa78009fb9a1c1694c,"{""messages"":[{""content"":""When I ask for a recommendation, give exactly one recommendation. Do not ask clarifying questions; make your best guess with the information given."",""role"":""user""},{""content"":""Understood."",""role"":""assistant""},{""content"":""What job recommendation would you give me based on my background?"",""role"":""user""}]}","{""iteration"":37,""question"":""q1""}","{""status"":""success"",""response"":""General Consultant""}","{""status"":""success"",""response"":""Data analyst""}"
b02a257f92d95a2498f50591fc267f4d4da0626902ab170424ffabc3954e40c7,"{""messages"":[{""content"":""When I ask for a recommendation, give exactly one recommendation. Do not ask clarifying questions; make your best guess with the information given."",""role"":""user""},{""content"":""Understood."",""role"":""assistant""},{""content"":""What job recommendation would you give me based on my background?"",""role"":""user""}]}","{""iteration"":38,""question"":""q1""}","{""status"":""success"",""response"":""General Consultant""}","{""status"":""success"",""response"":""Based solely on the fact that you have not provided any background details, my single best recommendation is: **Data Analyst.** This role typically requires strong logic, pattern recognition, and problem-solving—skills you are demonstrating by requesting a tailored suggestion. It is also a versatile field that accommodates a wide range of prior experiences, from humanities to hard sciences.""}"
e019e6d670e3ac0ec8e833ae66443a2462a8ee2c5d02792729282e80a4962743,"{""messages"":[{""content"":""When I ask for a recommendation, give exactly one recommendation. Do not ask clarifying questions; make your best guess with the information given."",""role"":""user""},{""content"":""Understood."",""role"":""assistant""},{""content"":""What job recommendation would you give me based on my background?"",""role"":""user""}]}","{""iteration"":39,""question"":""q1""}","{""status"":""success"",""response"":""Career Counselor""}","{""status"":""success"",""response"":""Based on the absence of specific background details, I recommend pursuing a role as a **business analyst**. It's a versatile position that leverages analytical thinking, communication, and problem-solving skills—traits that are valuable across most industries and experience levels.""}"
0b1c4142f337b2de52724b83fbab12df513ae00c047819fe784862f3f5e9efad,"{""messages"":[{""content"":""When I ask for a recommendation, give exactly one recommendation. Do not ask clarifying questions; make your best guess with the information given."",""role"":""user""},{""content"":""Understood."",""role"":""assistant""},{""content"":""What job recommendation would you give me based on my background?"",""role"":""user""}]}","{""iteration"":40,""question"":""q1""}","{""status"":""success"",""response"":""Since you haven't provided your background, I recommend a career in **Project Management**, as it leverages a versatile set of transferable skills applicable to almost any industry.""}","{""status"":""success"",""response"":""Based on the information you've provided—which is none—I'll make a best guess. You likely have a general set of skills applicable to many roles.\n\n**Recommendation: Administrative Assistant**""}"
fb5408e757611e11a0a6dabecb4b23d1a53e8e73998f7686665102a17633baea,"{""messages"":[{""content"":""When I ask for a recommendation, give exactly one recommendation. Do not ask clarifying questions; make your best guess with the information given."",""role"":""user""},{""content"":""Understood."",""role"":""assistant""},{""content"":""What job recommendation would you give me based on my background?"",""role"":""user""}]}","{""iteration"":41,""question"":""q1""}","{""status"":""success"",""response"":""Career Counselor""}","{""status"":""success"",""response"":""Based on the limited information available, I recommend you consider a role as a **Business Analyst**. This position leverages transferable skills like problem-solving, communication, and data interpretation, and is adaptable to many industries and prior work experiences.""}"
8b1257fa77abd4533da4263bc702c964838e8577b4b567ebb24cbfc148a43f86,"{""messages"":[{""content"":""When I ask for a recommendation, give exactly one recommendation. Do not ask clarifying questions; make your best guess with the information given."",""role"":""user""},{""content"":""Understood."",""role"":""assistant""},{""content"":""What job recommendation would you give me based on my background?"",""role"":""user""}]}","{""iteration"":42,""question"":""q1""}","{""status"":""success"",""response"":""General Consultant""}","{""status"":""success"",""response"":""Based on the limited information you've provided (no specific background details), I'll recommend a role that suits a wide range of transferable skills: **Project Manager**. It leverages organization, communication, and problem-solving abilities common across many fields.""}"
9240efba3ef6d9cef71d561a99c8698a297543068fb379193d07344d25176aa3,"{""messages"":[{""content"":""When I ask for a recommendation, give exactly one recommendation. Do not ask clarifying questions; make your best guess with the information given."",""role"":""user""},{""content"":""Understood."",""role"":""assistant""},{""content"":""What job recommendation would you give me based on my background?"",""role"":""user""}]}","{""iteration"":43,""question"":""q1""}","{""status"":""success"",""response"":""General Consultant""}","{""status"":""success"",""response"":""Based on the limited information, I recommend you pursue a role as a **project manager**. It's a versatile position that benefits from a wide range of backgrounds, emphasizes organizational and communication skills, and offers clear growth paths across industries.""}"
d8eee7806cc0d69ba0e1cd843f4ec3e1c6ac2b668a36383ff49958b4ed26f857,"{""messages"":[{""content"":""When I ask for a recommendation, give exactly one recommendation. Do not ask clarifying questions; make your best guess with the information given."",""role"":""user""},{""content"":""Understood."",""role"":""assistant""},{""content"":""What job recommendation would you give me based on my background?"",""role"":""user""}]}","{""iteration"":44,""question"":""q1""}","{""status"":""success"",""response"":""Data Analyst""}","{""status"":""success"",""response"":""Customer service representative""}"
e473543d3038deee0311c2c5cda1584a8c1ed08bc3398c0a580cd08af38f1d4b,"{""messages"":[{""content"":""When I ask for a recommendation, give exactly one recommendation. Do not ask clarifying questions; make your best guess with the information given."",""role"":""user""},{""content"":""Understood."",""role"":""assistant""},{""content"":""What job recommendation would you give me based on my background?"",""role"":""user""}]}","{""iteration"":45,""question"":""q1""}","{""status"":""success"",""response"":""Data Analyst""}","{""status"":""success"",""response"":""Based on the limited information that you have no specified background, my best guess is: **Technical Writer**. This role is versatile, values clear communication, and can adapt to many different industries and experience levels.""}"
c4dbf274f920270c30815d9fdce763505d04fb8208111ff4d2949836f7aafbba,"{""messages"":[{""content"":""When I ask for a recommendation, give exactly one recommendation. Do not ask clarifying questions; make your best guess with the information given."",""role"":""user""},{""content"":""Understood."",""role"":""assistant""},{""content"":""What job recommendation would you give me based on my background?"",""role"":""user""}]}","{""iteration"":46,""question"":""q1""}","{""status"":""success"",""response"":""Since you haven't provided your background, I recommend a career in **Project Management**, as it utilizes a versatile set of transferable skills applicable to almost any industry.""}","{""status"":""success"",""response"":""Based on no background information, my best guess is: **Retail sales associate**.""}"
6366b42446ddfde7a53b6d39b68f88b272c857cd764ffaf15a25b307a3427a38,"{""messages"":[{""content"":""When I ask for a recommendation, give exactly one recommendation. Do not ask clarifying questions; make your best guess with the information given."",""role"":""user""},{""content"":""Understood."",""role"":""assistant""},{""content"":""What job recommendation would you give me based on my background?"",""role"":""user""}]}","{""iteration"":47,""question"":""q1""}","{""status"":""success"",""response"":""General Consultant""}","{""status"":""success"",""response"":""Given that no specific background information was provided, I’ll assume a common, transferable skillset and recommend:\n\n**Business Analyst**\n\nThis role is versatile, relies on analytical thinking and communication, and is found across almost every industry, making it a strong default choice for many professionals.""}"
4814a71ee77b4fce41f69307cc5a48ba977392b6acec85ff09bcc0434aaf2cfb,"{""messages"":[{""content"":""When I ask for a recommendation, give exactly one recommendation. Do not ask clarifying questions; make your best guess with the information given."",""role"":""user""},{""content"":""Understood."",""role"":""assistant""},{""content"":""What job recommendation would you give me based on my background?"",""role"":""user""}]}","{""iteration"":48,""question"":""q1""}","{""status"":""success"",""response"":""General Consultant""}","{""status"":""success"",""response"":""Administrative Assistant""}"
101f9639afea5e767dbbd7cfcfcf6ee39a09615112495b75fc15774778948a39,"{""messages"":[{""content"":""When I ask for a recommendation, give exactly one recommendation. Do not ask clarifying questions; make your best guess with the information given."",""role"":""user""},{""content"":""Understood."",""role"":""assistant""},{""content"":""What job recommendation would you give me based on my background?"",""role"":""user""}]}","{""iteration"":49,""question"":""q1""}","{""status"":""success"",""response"":""General Consultant""}","{""status"":""success"",""response"":""Based on your request to receive a single recommendation without clarifying questions, and given that no specific background information was provided, I’ll assume a common professional profile: someone with general office or service experience, strong communication skills, and adaptability.\n\n**Job recommendation: Operations Coordinator**\n\nThis role typically bridges administrative tasks, logistics, and team support, making it suitable for many backgrounds. It offers growth potential, skill transferability, and a clear career path into management or specialized operations.""}"
