condition,layer,cv_mean,cv_std,control_cv_mean,control_cv_std
FULL,0,0.5453944406005294,0.0006285889611019767,0.5443999648556336,0.00036989977225646595
FULL,1,0.9996683250414595,0.0006633499170812574,0.4996749146101721,0.015541196115924293
FULL,2,1.0,0.0,0.5155700526067235,0.010486856227292169
FULL,3,1.0,0.0,0.511265416845134,0.017360927136823728
FULL,4,1.0,0.0,0.5069497984690235,0.021282124361420712
FULL,5,1.0,0.0,0.5251705050904418,0.018680287165808124
FULL,6,1.0,0.0,0.5149012113823817,0.018106400621470037
FULL,7,1.0,0.0,0.5092726214402601,0.02281770135400898
FULL,8,1.0,0.0,0.5066148287261265,0.019018025210602994
FULL,9,1.0,0.0,0.5168912611336254,0.014626819750284929
FULL,10,1.0,0.0,0.5238646722238697,0.01141976374540352
FULL,11,1.0,0.0,0.5218702294268173,0.01329732968947145
FULL,12,1.0,0.0,0.5304855413879828,0.0065389981904257445
FULL,13,1.0,0.0,0.5271698900640286,0.01063058463764868
FULL,14,1.0,0.0,0.5221909217708368,0.014315112196937485
FULL,15,1.0,0.0,0.5212030355946536,0.014283617125903404
FULL,16,1.0,0.0,0.5321389740041516,0.012817357382010747
FULL,17,1.0,0.0,0.5125904692871185,0.009356105457719322
FULL,18,1.0,0.0,0.5062908415977507,0.01099418127791095
FULL,19,1.0,0.0,0.4986733001658375,0.012463653295589494
FULL,20,1.0,0.0,0.5149039570360119,0.01865964665482885
FULL,21,1.0,0.0,0.5086065258695485,0.02386432357341194
FULL,22,1.0,0.0,0.5119194315398724,0.022554914343880926
FULL,23,1.0,0.0,0.5132428365896786,0.023972088689927586
FULL,24,1.0,0.0,0.5095993542222661,0.020340468437089133
FULL,25,1.0,0.0,0.5109298979715111,0.020472986677321378
FULL,26,1.0,0.0,0.5112522377077087,0.022053747675037223
FULL,27,1.0,0.0,0.5132395418053222,0.020665180023900605
FULL,28,1.0,0.0,0.5192063962746971,0.02068764136557584
FULL,29,1.0,0.0,0.5062869976826684,0.028380143583721762
FULL,30,1.0,0.0,0.5109249557949765,0.015177479360502604
FULL,31,1.0,0.0,0.5099326765729849,0.019273454385945618
FULL,32,1.0,0.0,0.5009856896532789,0.014624639769253352
FULL,33,1.0,0.0,0.5162279112165442,0.018606210466603695
FULL,34,1.0,0.0,0.5182157644448837,0.014041672170007877
FULL,35,1.0,0.0,0.5149006622516555,0.03225004277364952
FULL,36,0.9996688741721854,0.0006622516556291202,0.5102583110935389,0.018224965507026684
FULL,37,1.0,0.0,0.5056220003734089,0.018340185004903187
FULL,38,1.0,0.0,0.5032942352256378,0.027796887646157273
FULL,39,1.0,0.0,0.5023041525265505,0.022708767701189816
FULL,40,1.0,0.0,0.5099233413506419,0.0270170379854903
FULL,41,1.0,0.0,0.5052831867154295,0.023783458330243756
FULL,42,1.0,0.0,0.4950127947459172,0.023872191656130123
FULL,43,1.0,0.0,0.49899948381711756,0.02147665901047693
FULL,44,1.0,0.0,0.5042931040163421,0.019133497558856793
FULL,45,1.0,0.0,0.5115822652740711,0.021915538186237465
FULL,46,1.0,0.0,0.5105833964833668,0.029456521141649164
FULL,47,1.0,0.0,0.5049641417635883,0.01710382356926707
FULL,48,1.0,0.0,0.5033041195787069,0.019759529070899663
FULL,49,1.0,0.0,0.5135712167638629,0.02615663934076616
FULL,50,1.0,0.0,0.5105949282286141,0.02338068357053939
FULL,51,1.0,0.0,0.5102610567471693,0.01824484002018235
FULL,52,1.0,0.0,0.5076191888240915,0.020180729007263854
FULL,53,1.0,0.0,0.5086125663075352,0.018104066824993416
FULL,54,1.0,0.0,0.5182168627063359,0.018743006120523317
FULL,55,1.0,0.0,0.5188785652312389,0.017901340981098447
FULL,56,1.0,0.0,0.5062815063754077,0.019427210310687937
FULL,57,1.0,0.0,0.5039680186265143,0.01805205556950167
FULL,58,1.0,0.0,0.5009878861761832,0.014698530599900424
FULL,59,1.0,0.0,0.5142400579882047,0.013341041042201891
FULL,60,1.0,0.0,0.4926993069970237,0.015420981543341674
NEUTRAL,0,0.5453944406005294,0.0006285889611019767,0.5443999648556336,0.00036989977225646595
NEUTRAL,1,0.9887340340241397,0.004110236478280845,0.5205281539323251,0.023435128773646636
NEUTRAL,2,0.9887340340241397,0.004110236478280845,0.5218559520279398,0.023082619401485607
NEUTRAL,3,0.9884029081963253,0.004683224430458804,0.5139116778140205,0.018391337074133537
NEUTRAL,4,0.9884029081963253,0.004683224430458804,0.5248432231777096,0.02143591490750449
NEUTRAL,5,0.9887340340241397,0.004110236478280845,0.5248437723084358,0.0209328725400493
NEUTRAL,6,0.9887340340241397,0.004110236478280845,0.5258355023997012,0.022912053272020005
NEUTRAL,7,0.9887340340241397,0.004110236478280845,0.5278217082358626,0.02385493367612275
NEUTRAL,8,0.9884029081963253,0.004683224430458804,0.5251710542211679,0.019952518795759232
NEUTRAL,9,0.9884029081963253,0.004683224430458804,0.5228526242957399,0.021760309085118248
NEUTRAL,10,0.9884029081963253,0.004683224430458804,0.5202058141961275,0.020492021411316688
NEUTRAL,11,0.9884029081963253,0.004683224430458804,0.52153251403029,0.02040387494260089
NEUTRAL,12,0.9884029081963253,0.004683224430458804,0.5255021800489825,0.023824823552792352
NEUTRAL,13,0.9884029081963253,0.004683224430458804,0.5195424642790463,0.02145646605636132
NEUTRAL,14,0.9884029081963253,0.004683224430458804,0.5228526242957399,0.02142765646901291
NEUTRAL,15,0.9887340340241397,0.004110236478280845,0.5205330961088597,0.025011597510339368
NEUTRAL,16,0.9887340340241397,0.004110236478280845,0.5245115482191689,0.025588268492760833
NEUTRAL,17,0.9887340340241397,0.004110236478280845,0.5238487474328138,0.022180360941966407
NEUTRAL,18,0.9887340340241397,0.004110236478280845,0.5238481983020878,0.02429071659790892
NEUTRAL,19,0.9887340340241397,0.004110236478280845,0.5208636728059481,0.02274940833085317
NEUTRAL,20,0.9887340340241397,0.004110236478280845,0.5215264735923034,0.02221131291913859
NEUTRAL,21,0.9887340340241397,0.004110236478280845,0.5258344041382491,0.021651749162483823
NEUTRAL,22,0.9887340340241397,0.004110236478280845,0.5238476491713617,0.0191761831166131
NEUTRAL,23,0.9887340340241397,0.004110236478280845,0.5304723622505574,0.02405419472015019
NEUTRAL,24,0.9884029081963253,0.004683224430458804,0.5274911315387741,0.022498136995206305
NEUTRAL,25,0.9887340340241397,0.004110236478280845,0.5281533831944032,0.023832653622868755
NEUTRAL,26,0.9887340340241397,0.004110236478280845,0.5271594565802334,0.023348765609874485
NEUTRAL,27,0.9887340340241397,0.004110236478280845,0.525171603351894,0.025308314204920027
NEUTRAL,28,0.988402359065599,0.004319891396064187,0.5251716033518938,0.025952764941654462
NEUTRAL,29,0.9880712332377846,0.004845653365854886,0.5235187198664514,0.022451889869126898
NEUTRAL,30,0.9884029081963253,0.004683224430458804,0.527490582408048,0.02541982618764446
NEUTRAL,31,0.9880717823685107,0.00527714816311512,0.5202041668039493,0.020313109456349832
NEUTRAL,32,0.9880717823685107,0.0043676936279687046,0.5248404775240794,0.023987205876478398
NEUTRAL,33,0.9877406565406961,0.004977264376093534,0.5185452428805202,0.02084480884820051
NEUTRAL,34,0.9877406565406961,0.004977264376093534,0.5188774669697868,0.02180316972213735
NEUTRAL,35,0.9874095307128815,0.005598814894424334,0.5268266833602409,0.02397547221080451
NEUTRAL,36,0.9877406565406961,0.004977264376093534,0.5168912611336255,0.0215651084288774
NEUTRAL,37,0.9877406565406961,0.004977264376093534,0.5178862860092475,0.01817430734606955
NEUTRAL,38,0.9874095307128815,0.003999565511852997,0.5238481983020878,0.022607410441509893
NEUTRAL,39,0.9870784048850669,0.004610245120376107,0.5268266833602409,0.025789587989094965
NEUTRAL,40,0.9874095307128815,0.003999565511852997,0.521857599420118,0.02326297677098658
NEUTRAL,41,0.9867461807958003,0.004319051715132735,0.5205330961088597,0.021780434464917082
NEUTRAL,42,0.9864145058372596,0.005280322679857062,0.518879114361965,0.02055132347043712
NEUTRAL,43,0.9867456316650742,0.005544253063295208,0.5192074945361493,0.02387070587825284
NEUTRAL,44,0.9867456316650742,0.005544253063295208,0.5241771276069981,0.024044268383778742
NEUTRAL,45,0.9867456316650742,0.005544253063295208,0.5235126794284648,0.02378356725314714
NEUTRAL,46,0.9870767574928887,0.005871356825050797,0.525171603351894,0.025459494689882768
NEUTRAL,47,0.9867461807958003,0.0050232326791364345,0.5264966557938783,0.026333270942299453
NEUTRAL,48,0.9874084324514294,0.004755317047672274,0.5241787749991762,0.02632012987807248
NEUTRAL,49,0.98774010740997,0.004266696057945791,0.5258338550075231,0.02459961146227863
NEUTRAL,50,0.9874095307128815,0.0047513348771010796,0.5301373925076603,0.025276256274223974
NEUTRAL,51,0.9860839291401712,0.004752869218588216,0.5311324173832823,0.02679169281273869
NEUTRAL,52,0.9860839291401712,0.004752869218588216,0.5261638825738855,0.022793177348698606
NEUTRAL,53,0.9857528033123566,0.004392563919843042,0.5245104499577169,0.022507951438442482
NEUTRAL,54,0.9867461807958003,0.004190198632467442,0.5208647710674004,0.02408571519256153
NEUTRAL,55,0.9854205792230898,0.00506914378418183,0.5215237279386731,0.02304336649426913
NEUTRAL,56,0.9870767574928887,0.005176652296403381,0.523514875951369,0.02253029851232211
NEUTRAL,57,0.9860822817479928,0.0057975920731004596,0.5231832009928283,0.02245596801227022
NEUTRAL,58,0.9854194809616377,0.005282805574935336,0.524176029345546,0.023011888376465867
NEUTRAL,59,0.9854194809616377,0.005282805574935336,0.5241787749991763,0.021978940428488206
NEUTRAL,60,0.9857511559201783,0.004981873199450936,0.5221898235093846,0.021779649993711226
ONLY_MOVIE,0,0.5453944406005294,0.0006285889611019767,0.5443999648556336,0.00036989977225646595
ONLY_MOVIE,1,1.0,0.0,0.4850927481796316,0.014406476633407501
ONLY_MOVIE,2,1.0,0.0,0.4946926515326239,0.01654199443211058
ONLY_MOVIE,3,1.0,0.0,0.4989972872942133,0.01576436569303857
ONLY_MOVIE,4,1.0,0.0,0.49369707752627595,0.0161467620055777
ONLY_MOVIE,5,1.0,0.0,0.5053007588986633,0.010225123420857539
ONLY_MOVIE,6,1.0,0.0,0.5059630105542926,0.01383903306051838
ONLY_MOVIE,7,1.0,0.0,0.5082869317869811,0.01090355280543373
ONLY_MOVIE,8,1.0,0.0,0.5049657891557664,0.018432387631066062
ONLY_MOVIE,9,1.0,0.0,0.5052980132450331,0.013494708171801968
ONLY_MOVIE,10,1.0,0.0,0.49701437624240824,0.01160782977591833
ONLY_MOVIE,11,1.0,0.0,0.49999560695419154,0.009679037526848582
ONLY_MOVIE,12,1.0,0.0,0.49966612851855513,0.010007000373804026
ONLY_MOVIE,13,1.0,0.0,0.4986700053814811,0.014398669490310831
ONLY_MOVIE,14,1.0,0.0,0.5009889844376352,0.015677011948239113
ONLY_MOVIE,15,1.0,0.0,0.5023140368796195,0.016845440686376018
ONLY_MOVIE,16,1.0,0.0,0.4993333552985623,0.015571282146970273
ONLY_MOVIE,17,1.0,0.0,0.49469045500971964,0.020458548664477837
ONLY_MOVIE,18,1.0,0.0,0.4960188022360604,0.01510036700146274
ONLY_MOVIE,19,1.0,0.0,0.4927004052584758,0.01930241701772523
ONLY_MOVIE,20,1.0,0.0,0.49701217971950407,0.017952930663348562
ONLY_MOVIE,21,1.0,0.0,0.5069569371684624,0.013719911616531428
ONLY_MOVIE,22,1.0,0.0,0.5039713134108706,0.01989694061850308
ONLY_MOVIE,23,1.0,0.0,0.497672783982955,0.012978834598319946
ONLY_MOVIE,24,1.0,0.0,0.49899948381711745,0.012327346691197233
ONLY_MOVIE,25,1.0,0.0,0.5009851405225528,0.011207758845332337
ONLY_MOVIE,26,1.0,0.0,0.4989989346863915,0.014127837057063367
ONLY_MOVIE,27,1.0,0.0,0.5046330159357736,0.008959217084618587
ONLY_MOVIE,28,1.0,0.0,0.5033030213172548,0.015499586289504444
ONLY_MOVIE,29,1.0,0.0,0.498334486507858,0.016046964183840877
ONLY_MOVIE,30,1.0,0.0,0.4983383304229405,0.010310284285229811
ONLY_MOVIE,31,1.0,0.0,0.49933610095219266,0.01145256757873126
ONLY_MOVIE,32,1.0,0.0,0.49933060964493203,0.012420265711126458
ONLY_MOVIE,33,1.0,0.0,0.5076158940397351,0.012393568376526333
ONLY_MOVIE,34,1.0,0.0,0.501983460182531,0.01465924334975052
ONLY_MOVIE,35,1.0,0.0,0.5016473921781819,0.017657521742197306
ONLY_MOVIE,36,1.0,0.0,0.506954191514832,0.013791532416412566
ONLY_MOVIE,37,1.0,0.0,0.5039718625415966,0.011780908539764032
ONLY_MOVIE,38,1.0,0.0,0.5062880959441205,0.019921491628255128
ONLY_MOVIE,39,1.0,0.0,0.5042991444543288,0.018937285340541996
ONLY_MOVIE,40,1.0,0.0,0.5046286228899652,0.0191813911266916
ONLY_MOVIE,41,1.0,0.0,0.5019774197445444,0.02034837677677416
ONLY_MOVIE,42,1.0,0.0,0.5069525441226539,0.01852431745761625
ONLY_MOVIE,43,1.0,0.0,0.5102643515315256,0.014365451400468165
ONLY_MOVIE,44,1.0,0.0,0.5043051848923155,0.016609695238313724
ONLY_MOVIE,45,1.0,0.0,0.5039658221036099,0.021730365544406372
ONLY_MOVIE,46,0.9993371992136447,0.0008117623281792342,0.5046302702821432,0.024341338054050796
ONLY_MOVIE,47,1.0,0.0,0.5062875468133944,0.024422222426899357
ONLY_MOVIE,48,0.9996683250414593,0.0006633499170812573,0.5036368927986996,0.01727370872144037
ONLY_MOVIE,49,1.0,0.0,0.5016556291390728,0.018456782668256306
ONLY_MOVIE,50,1.0,0.0,0.5043040866308633,0.014116869240713582
ONLY_MOVIE,51,1.0,0.0,0.5006578586098207,0.02086744970706175
ONLY_MOVIE,52,1.0,0.0,0.5009873370454571,0.018484533459949676
ONLY_MOVIE,53,1.0,0.0,0.5006589568712727,0.022323108053462857
ONLY_MOVIE,54,0.9996683250414593,0.0006633499170812573,0.501647941308908,0.021913288120642794
ONLY_MOVIE,55,0.9996683250414593,0.0006633499170812573,0.5006523673025601,0.020985369461995404
ONLY_MOVIE,56,0.9996683250414593,0.0006633499170812573,0.5036341471450694,0.023104644700360215
ONLY_MOVIE,57,0.9990055242551042,0.0008119866644672036,0.5069497984690235,0.022862491950923717
ONLY_MOVIE,58,1.0,0.0,0.4963493789331489,0.021247855483406998
ONLY_MOVIE,59,0.9993371992136447,0.0008117623281792342,0.49965898981911633,0.018797882155591725
ONLY_MOVIE,60,0.9996688741721854,0.0006622516556291202,0.505958617508484,0.014303249290248706
ONLY_HOBBY,0,0.5453944406005294,0.0006285889611019767,0.5443999648556336,0.00036989977225646595
ONLY_HOBBY,1,1.0,0.0,0.5102659989237037,0.012735752765371132
ONLY_HOBBY,2,1.0,0.0,0.5042996935850549,0.01387120355248188
ONLY_HOBBY,3,1.0,0.0,0.5013179137425456,0.020682813615279908
ONLY_HOBBY,4,1.0,0.0,0.5066170252490307,0.017251622543755164
ONLY_HOBBY,5,1.0,0.0,0.5049657891557664,0.012267937030435699
ONLY_HOBBY,6,1.0,0.0,0.5029729937508923,0.017191186123686412
ONLY_HOBBY,7,1.0,0.0,0.4996617354727467,0.013091651889115504
ONLY_HOBBY,8,1.0,0.0,0.5006545638254642,0.01424466797498571
ONLY_HOBBY,9,1.0,0.0,0.5026451627074342,0.010599251174817192
ONLY_HOBBY,10,1.0,0.0,0.5043035375001372,0.01377903363484828
ONLY_HOBBY,11,1.0,0.0,0.5049630435021362,0.013616253013017277
ONLY_HOBBY,12,1.0,0.0,0.5049646908943143,0.014183240410383595
ONLY_HOBBY,13,1.0,0.0,0.5036379910601518,0.015021566213151564
ONLY_HOBBY,14,1.0,0.0,0.4976738822444071,0.018454772624766705
ONLY_HOBBY,15,1.0,0.0,0.49866890712002904,0.016587396735675764
ONLY_HOBBY,16,1.0,0.0,0.5043002427157809,0.01560178351801002
ONLY_HOBBY,17,1.0,0.0,0.49965844068839027,0.020668348969802595
ONLY_HOBBY,18,1.0,0.0,0.5006512690411078,0.018534042333748366
ONLY_HOBBY,19,1.0,0.0,0.4993245692069454,0.022571949394053135
ONLY_HOBBY,20,1.0,0.0,0.5046291720206912,0.02136375463988452
ONLY_HOBBY,21,1.0,0.0,0.5052958167221289,0.019488166508474642
ONLY_HOBBY,22,1.0,0.0,0.499330060514206,0.016669885757023613
ONLY_HOBBY,23,1.0,0.0,0.5056236477655871,0.021803933611991965
ONLY_HOBBY,24,1.0,0.0,0.4970077866736956,0.019601554319113368
ONLY_HOBBY,25,1.0,0.0,0.4946877093560893,0.015783732902140694
ONLY_HOBBY,26,1.0,0.0,0.4913780984701218,0.013515571668173645
ONLY_HOBBY,27,1.0,0.0,0.49734220728586653,0.015436271682209285
ONLY_HOBBY,28,1.0,0.0,0.4989967381634872,0.01667069265961003
ONLY_HOBBY,29,1.0,0.0,0.5003256345205539,0.014812182173835163
ONLY_HOBBY,30,1.0,0.0,0.4950221299682602,0.013020555819695367
ONLY_HOBBY,31,1.0,0.0,0.5029735428816183,0.017718293822376916
ONLY_HOBBY,32,1.0,0.0,0.5013157172196413,0.019373623186374728
ONLY_HOBBY,33,1.0,0.0,0.501647941308908,0.019672176531571245
ONLY_HOBBY,34,1.0,0.0,0.5042985953236028,0.016144218238371765
ONLY_HOBBY,35,1.0,0.0,0.5066164761183047,0.019491033406631192
ONLY_HOBBY,36,1.0,0.0,0.5033024721865287,0.02222031840697461
ONLY_HOBBY,37,1.0,0.0,0.508610918915357,0.017070884245831208
ONLY_HOBBY,38,1.0,0.0,0.499990664777657,0.018354607618536647
ONLY_HOBBY,39,1.0,0.0,0.5013151680889152,0.016004882410645353
ONLY_HOBBY,40,1.0,0.0,0.5033068652323373,0.012976138992899905
ONLY_HOBBY,41,1.0,0.0,0.5023107420952633,0.01604687605204055
ONLY_HOBBY,42,1.0,0.0,0.5056241968963132,0.01501721859596161
ONLY_HOBBY,43,1.0,0.0,0.5046324668050476,0.015843862578223736
ONLY_HOBBY,44,1.0,0.0,0.5019818127903529,0.014264071210255733
ONLY_HOBBY,45,1.0,0.0,0.5049635926328622,0.01209629276604805
ONLY_HOBBY,46,1.0,0.0,0.5039724116723228,0.010152208124028277
ONLY_HOBBY,47,1.0,0.0,0.49635047719460096,0.013798233451230197
ONLY_HOBBY,48,1.0,0.0,0.5026446135767081,0.01256815856737615
ONLY_HOBBY,49,1.0,0.0,0.49966448112637696,0.009976050268067568
ONLY_HOBBY,50,1.0,0.0,0.5042980461928767,0.012954676161176728
ONLY_HOBBY,51,1.0,0.0,0.5079459216060976,0.011882281060650238
ONLY_HOBBY,52,1.0,0.0,0.5059558718548537,0.01303524262055067
ONLY_HOBBY,53,1.0,0.0,0.506284801159764,0.01755109013202904
ONLY_HOBBY,54,0.9996683250414593,0.0006633499170812573,0.5122489099755089,0.017411212290694755
ONLY_HOBBY,55,0.9996683250414593,0.0006633499170812573,0.5119161367555161,0.0190763837221868
ONLY_HOBBY,56,0.9996683250414593,0.0006633499170812573,0.5129122598925901,0.01689323558591908
ONLY_HOBBY,57,0.9996683250414593,0.0006633499170812573,0.5119166858862422,0.018176586568661602
ONLY_HOBBY,58,0.9996683250414593,0.0006633499170812573,0.5115828144047972,0.02462843235310253
ONLY_HOBBY,59,0.9993366500829188,0.0013266998341625146,0.5059531262012236,0.02143943044912079
ONLY_HOBBY,60,0.9996683250414593,0.0006633499170812573,0.5056258442884912,0.012168770342818947
ONLY_NAME,0,0.5453944406005294,0.0006285889611019767,0.5443999648556336,0.00036989977225646595
ONLY_NAME,1,0.9887340340241397,0.004110236478280845,0.518208625745445,0.021449930177510734
ONLY_NAME,2,0.9884029081963253,0.004683224430458804,0.5255032783104345,0.02464442173419638
ONLY_NAME,3,0.9887340340241397,0.004110236478280845,0.5211975442873931,0.020450188022720577
ONLY_NAME,4,0.9884029081963253,0.004683224430458804,0.5241765784762721,0.022076606331822332
ONLY_NAME,5,0.9887340340241397,0.004110236478280845,0.5185463411419723,0.01876561676292454
ONLY_NAME,6,0.9884029081963253,0.004683224430458804,0.5198752374990391,0.020893766631437004
ONLY_NAME,7,0.9887340340241397,0.004110236478280845,0.5225204002064732,0.020755103053102932
ONLY_NAME,8,0.9884029081963253,0.004683224430458804,0.5245093516962648,0.021987845401402698
ONLY_NAME,9,0.9884029081963253,0.004683224430458804,0.5248410266548055,0.022411313056508616
ONLY_NAME,10,0.9884029081963253,0.004683224430458804,0.5188813108848692,0.01905639256028756
ONLY_NAME,11,0.9884029081963253,0.004683224430458804,0.5231848483850066,0.023099925133361437
ONLY_NAME,12,0.9884029081963253,0.004683224430458804,0.5241743819533677,0.022999885334222002
ONLY_NAME,13,0.9884029081963253,0.004683224430458804,0.5255032783104345,0.0231238608780981
ONLY_NAME,14,0.9887340340241397,0.004110236478280845,0.5258371497918796,0.022539633013141137
ONLY_NAME,15,0.9887340340241397,0.004110236478280845,0.5231842992542804,0.023629415774875887
ONLY_NAME,16,0.9887340340241397,0.004110236478280845,0.5255032783104345,0.022102908909013935
ONLY_NAME,17,0.9887340340241397,0.004110236478280845,0.5208680658517567,0.02009194186338458
ONLY_NAME,18,0.9887340340241397,0.004110236478280845,0.5178851877477952,0.02047802552059427
ONLY_NAME,19,0.9887340340241397,0.004110236478280845,0.5221892743786586,0.01839799889470168
ONLY_NAME,20,0.9887340340241397,0.004110236478280845,0.5165595861750849,0.016245393356493453
ONLY_NAME,21,0.9887340340241397,0.004110236478280845,0.5238454526484576,0.020979113713292884
ONLY_NAME,22,0.9887340340241397,0.004110236478280845,0.5221914709015628,0.019951690731435868
ONLY_NAME,23,0.9884029081963253,0.004683224430458804,0.521196446025941,0.018996878217640175
ONLY_NAME,24,0.9884029081963253,0.004683224430458804,0.5248421249162576,0.019780766662985186
ONLY_NAME,25,0.9884029081963253,0.004683224430458804,0.527489484146596,0.02336976444693688
ONLY_NAME,26,0.9887340340241397,0.004110236478280845,0.5221920200322888,0.02087948637112615
ONLY_NAME,27,0.9884029081963253,0.004683224430458804,0.5258327567460709,0.021554876232480192
ONLY_NAME,28,0.9884029081963253,0.004683224430458804,0.5278228064973147,0.02254985221995526
ONLY_NAME,29,0.9887340340241397,0.004110236478280845,0.5264933610095219,0.024308293466815078
ONLY_NAME,30,0.9887340340241397,0.004110236478280845,0.5192124367126839,0.021103900236228216
ONLY_NAME,31,0.9887340340241397,0.004110236478280845,0.522853722557192,0.020648249209920623
ONLY_NAME,32,0.9887340340241397,0.004110236478280845,0.5218592468122961,0.025755109037596022
ONLY_NAME,33,0.988402359065599,0.004057252285886442,0.5215292192459338,0.024614312955240268
ONLY_NAME,34,0.988402359065599,0.004057252285886442,0.5238460017791835,0.025142244166160097
ONLY_NAME,35,0.9880712332377846,0.004613045737857166,0.5215292192459338,0.028411674131186164
ONLY_NAME,36,0.988402359065599,0.004057252285886442,0.5238460017791836,0.025073914058786034
ONLY_NAME,37,0.9880712332377846,0.004613045737857166,0.5215308666381118,0.023187628812815313
ONLY_NAME,38,0.98774010740997,0.004393306088738733,0.5185468902726983,0.020811461621936356
ONLY_NAME,39,0.9867456316650742,0.006017175346545121,0.5245088025655388,0.022785309751762937
ONLY_NAME,40,0.9870767574928887,0.0054838398811556666,0.5195380712332378,0.022258100990824405
ONLY_NAME,41,0.9874089815821554,0.0048663596252432086,0.5192080436668753,0.023788673733318482
ONLY_NAME,42,0.9880712332377846,0.004613045737857166,0.5145700855545672,0.017819807813027513
ONLY_NAME,43,0.9880712332377846,0.004613045737857166,0.5208675167210306,0.0205920683823736
ONLY_NAME,44,0.9870784048850669,0.0055787407464481615,0.5198735901068607,0.020852800150320736
ONLY_NAME,45,0.9870778557543408,0.004843213027889435,0.5198741392375869,0.021024462884778893
ONLY_NAME,46,0.9870773066236147,0.005066196154861762,0.5215264735923034,0.025389989655358533
ONLY_NAME,47,0.9864145058372596,0.005484039923298379,0.5215286701152076,0.02442832337358905
ONLY_NAME,48,0.9864145058372596,0.005484039923298379,0.5175513162663503,0.019132819550221208
ONLY_NAME,49,0.9864145058372596,0.005484039923298379,0.5261644317046116,0.023727829291477803
ONLY_NAME,50,0.9870767574928887,0.005176652296403381,0.5221914709015628,0.026123378387846407
ONLY_NAME,51,0.9870778557543408,0.0048439644630260195,0.5165584879136327,0.02255534369648418
ONLY_NAME,52,0.9874089815821554,0.005194041268907526,0.517221288699988,0.02156755079617209
ONLY_NAME,53,0.9874095307128815,0.00497675289634464,0.5208642219366743,0.019317991793056523
ONLY_NAME,54,0.9874095307128815,0.004391566201138305,0.5241798732606284,0.0229872851239943
ONLY_NAME,55,0.9867467299265262,0.0050212394684585274,0.5192063962746971,0.024568393275379297
ONLY_NAME,56,0.9867467299265262,0.0050212394684585274,0.5175507671356243,0.022984873589239743
ONLY_NAME,57,0.9867467299265262,0.0050212394684585274,0.525832756746071,0.025356168662473394
ONLY_NAME,58,0.9864156040987118,0.006050051257059641,0.5251699559597157,0.023843773595339093
ONLY_NAME,59,0.9870784048850669,0.005378611534509939,0.5172229360921661,0.024697182663884674
ONLY_NAME,60,0.9857528033123566,0.0067534623055821525,0.5201981263659627,0.021501493654086334
ONLY_ARTIST,0,0.5453944406005294,0.0006285889611019767,0.5443999648556336,0.00036989977225646595
ONLY_ARTIST,1,0.9887340340241397,0.004110236478280845,0.5195375221025117,0.01973278944983371
ONLY_ARTIST,2,0.9884029081963253,0.004683224430458804,0.5235176216049993,0.02347258280725088
ONLY_ARTIST,3,0.9884029081963253,0.004683224430458804,0.5294784356363876,0.026659673787806475
ONLY_ARTIST,4,0.9884029081963253,0.004683224430458804,0.5225253423830077,0.021604992544817986
ONLY_ARTIST,5,0.9887340340241397,0.004110236478280845,0.5288150857193064,0.022578918071691816
ONLY_ARTIST,6,0.9887340340241397,0.004110236478280845,0.5248388301319012,0.02220770884605391
ONLY_ARTIST,7,0.9887340340241397,0.004110236478280845,0.5261671773582419,0.021507966111255404
ONLY_ARTIST,8,0.9884029081963253,0.004683224430458804,0.531465190603275,0.02376761384341205
ONLY_ARTIST,9,0.9884029081963253,0.004683224430458804,0.5185490867956026,0.020084244902363095
ONLY_ARTIST,10,0.9884029081963253,0.004683224430458804,0.5202058141961274,0.019414652249902863
ONLY_ARTIST,11,0.9884029081963253,0.004683224430458804,0.5225242441215556,0.01966231134639783
ONLY_ARTIST,12,0.9884029081963253,0.004683224430458804,0.5175518653970765,0.021951691585211153
ONLY_ARTIST,13,0.9887340340241397,0.004110236478280845,0.5185485376648765,0.018535497867588208
ONLY_ARTIST,14,0.9887340340241397,0.004110236478280845,0.5178846386170692,0.019779389518406278
ONLY_ARTIST,15,0.9887340340241397,0.004110236478280845,0.5185485376648765,0.018706475904066867
ONLY_ARTIST,16,0.9887340340241397,0.004110236478280845,0.5245104499577169,0.023441497971283455
ONLY_ARTIST,17,0.9887340340241397,0.004110236478280845,0.5231870449079108,0.019405165560880948
ONLY_ARTIST,18,0.9887340340241397,0.004110236478280845,0.5215264735923034,0.021092364121146227
ONLY_ARTIST,19,0.9887340340241397,0.004110236478280845,0.5294773373749354,0.023312136448549167
ONLY_ARTIST,20,0.9887340340241397,0.004110236478280845,0.5284795668456833,0.024860444257089092
ONLY_ARTIST,21,0.9887340340241397,0.004110236478280845,0.5284850581529439,0.02320207718517083
ONLY_ARTIST,22,0.9887340340241397,0.004110236478280845,0.526828330752419,0.02413221970691455
ONLY_ARTIST,23,0.9887340340241397,0.004110236478280845,0.520535292631764,0.019151695903254756
ONLY_ARTIST,24,0.9884029081963253,0.004683224430458804,0.5258360515304273,0.01994728722170536
ONLY_ARTIST,25,0.9887340340241397,0.004110236478280845,0.5261671773582419,0.021710922397507243
ONLY_ARTIST,26,0.9887340340241397,0.004110236478280845,0.5291462115471209,0.02415335612623671
ONLY_ARTIST,27,0.9884029081963253,0.004683224430458804,0.5271594565802336,0.023533147114560806
ONLY_ARTIST,28,0.9884029081963253,0.004683224430458804,0.5264961066631522,0.02084276328921903
ONLY_ARTIST,29,0.9884029081963253,0.004683224430458804,0.5251705050904418,0.022282581686944827
ONLY_ARTIST,30,0.9880717823685107,0.0044914575325006815,0.5248432231777096,0.021230329785806502
ONLY_ARTIST,31,0.9887340340241397,0.004110236478280845,0.5261671773582418,0.02480172554451917
ONLY_ARTIST,32,0.9887340340241397,0.004110236478280845,0.5218581485508441,0.025331358610163543
ONLY_ARTIST,33,0.9887340340241397,0.004110236478280845,0.5215281209844816,0.023640127465626014
ONLY_ARTIST,34,0.9887340340241397,0.004110236478280845,0.5258327567460709,0.028475130122477887
ONLY_ARTIST,35,0.9887340340241397,0.004110236478280845,0.524510999088443,0.024684563794238237
ONLY_ARTIST,36,0.9884029081963253,0.004683224430458804,0.5205336452395858,0.022582113743291422
ONLY_ARTIST,37,0.9880717823685107,0.00527714816311512,0.5208697132439349,0.020833687356447732
ONLY_ARTIST,38,0.9884029081963253,0.004683224430458804,0.5195441116712244,0.024076166383416912
ONLY_ARTIST,39,0.9880717823685107,0.00527714816311512,0.5255038274411608,0.025318074271802944
ONLY_ARTIST,40,0.9877406565406961,0.00508621704294935,0.5208647710674004,0.022538942408802068
ONLY_ARTIST,41,0.9874089815821554,0.005194041268907526,0.519540267756142,0.021176862417798613
ONLY_ARTIST,42,0.9877406565406961,0.00508621704294935,0.5192058471439711,0.02178853776797221
ONLY_ARTIST,43,0.9874095307128815,0.00497675289634464,0.5225204002064732,0.021634541119527423
ONLY_ARTIST,44,0.9877406565406961,0.003860721749025686,0.5255043765718866,0.02257469983144213
ONLY_ARTIST,45,0.9880717823685107,0.0038328807800351787,0.52185869768157,0.024989462426106526
ONLY_ARTIST,46,0.9884029081963253,0.003918409401184775,0.5248404775240794,0.022617035381554188
ONLY_ARTIST,47,0.9884029081963253,0.003918409401184775,0.5255016309182563,0.023970334272367708
ONLY_ARTIST,48,0.9880717823685107,0.0038328807800351787,0.5205358417624899,0.02078941581663132
ONLY_ARTIST,49,0.9877406565406961,0.003408202313247198,0.5205374891546681,0.022132022908481284
ONLY_ARTIST,50,0.9877406565406961,0.003408202313247198,0.5185446937497942,0.01991584546487275
ONLY_ARTIST,51,0.9877406565406961,0.0032433624326560543,0.5241776767377242,0.021292403833489994
ONLY_ARTIST,52,0.9874095307128815,0.0030688540944220407,0.5195424642790464,0.019950007141528982
ONLY_ARTIST,53,0.9877406565406961,0.003408202313247198,0.5238476491713617,0.021702933253106033
ONLY_ARTIST,54,0.9874095307128815,0.004391566201138305,0.5158984327809077,0.018601293364053084
ONLY_ARTIST,55,0.9870784048850669,0.003971415915974716,0.5225214984679253,0.02041092209936679
ONLY_ARTIST,56,0.9867467299265262,0.004054787379374519,0.5215286701152076,0.02299485830050251
ONLY_ARTIST,57,0.9867467299265262,0.004054787379374519,0.5139050882453077,0.019796718850035384
ONLY_ARTIST,58,0.9867467299265262,0.004682255480452692,0.5162290094779964,0.02059716245010769
ONLY_ARTIST,59,0.9874089815821554,0.003567114226254836,0.5221876269864805,0.021951227718266936
ONLY_ARTIST,60,0.9867461807958001,0.004683227327928498,0.5241787749991763,0.020983625519893807
